fragility_supplied,fragility_recovered_rule,h1,h2,h5,c22b,l1,fragility_prob,match
0,0,2,,2,1,8,0.013295408,True
0,0,2,,2,1,10,0.013295408,True
0,0,1,1.0,1,2,15,0.0096811233,True
0,0,1,1.0,1,2,6,0.0096811233,True
1,1,1,-9.0,2,1,-9,0.013295408,True
0,0,2,,2,1,29,0.013295408,True
0,0,1,1.0,1,2,25,0.0096811233,True
0,0,2,,2,1,6,0.013295408,True
1,1,1,2.0,2,2,172,0.83337283,True
0,0,1,2.0,2,1,5,0.013295408,True
0,0,2,,2,1,47,0.013295408,True
0,0,2,,2,1,6,0.013295408,True
0,0,1,2.0,1,1,5,2.6336633e-05,True
0,0,2,,2,1,180,0.013295408,True
0,0,2,,2,1,38,0.013295408,True
0,0,1,2.0,2,1,22,0.013295408,True
0,0,1,2.0,1,1,59,2.6336633e-05,True
0,0,1,2.0,1,1,93,2.6336633e-05,True
0,0,1,2.0,1,2,6,0.0096811233,True
0,0,1,2.0,1,1,170,2.6336633e-05,True
0,0,1,2.0,1,1,18,2.6336633e-05,True
0,0,1,1.0,1,1,17,2.6336633e-05,True
0,0,1,2.0,1,1,230,2.6336633e-05,True
0,0,2,,1,1,11,2.6336633e-05,True
0,0,1,2.0,1,2,25,0.0096811233,True
0,0,1,1.0,1,2,6,0.0096811233,True
0,0,2,,2,1,270,0.013295408,True
0,0,1,2.0,1,1,16,2.6336633e-05,True
1,1,2,,2,2,6,0.83337283,True
0,0,2,,2,1,38,0.013295408,True
0,0,1,2.0,1,1,17,2.6336633e-05,True
0,0,1,1.0,1,1,30,2.6336633e-05,True
0,0,1,1.0,1,2,6,0.0096811233,True
0,0,1,2.0,1,1,37,2.6336633e-05,True
0,0,1,1.0,2,2,20,0.83337283,True
0,0,1,1.0,2,1,208,0.013295408,True
0,0,1,1.0,1,2,10,0.0096811233,True
0,0,2,,2,1,8,0.013295408,True
1,1,2,,2,2,30,0.83337283,True
0,0,1,1.0,1,1,85,2.6336633e-05,True
0,0,1,1.0,1,2,5,0.0096811233,True
0,0,1,2.0,1,2,12,0.0096811233,True
0,0,1,2.0,1,1,28,2.6336633e-05,True
0,0,1,1.0,1,1,80,2.6336633e-05,True
0,0,1,2.0,1,2,6,0.0096811233,True
0,0,1,2.0,1,2,6,0.0096811233,True
0,0,1,2.0,1,2,5,0.0096811233,True
0,0,1,2.0,1,1,108,2.6336633e-05,True
1,1,2,,2,2,5,0.83337283,True
0,0,2,,2,1,143,0.013295408,True
0,0,1,2.0,1,1,320,2.6336633e-05,True
0,0,1,2.0,1,1,450,2.6336633e-05,True
0,0,1,-9.0,1,1,450,2.6336633e-05,True
0,0,1,2.0,1,1,7,2.6336633e-05,True
0,0,2,,2,1,22,0.013295408,True
0,0,2,,2,1,6,0.013295408,True
0,0,2,,2,1,120,0.013295408,True
0,0,1,1.0,2,1,37,0.013295408,True
0,0,1,1.0,2,2,32,0.83337283,True
0,0,2,,2,1,5,0.013295408,True
0,0,2,,2,1,6,0.013295408,True
0,0,1,1.0,2,1,22,0.013295408,True
0,0,1,1.0,1,1,16,2.6336633e-05,True
0,0,1,1.0,1,1,33,2.6336633e-05,True
1,1,1,2.0,2,2,9,0.83337283,True
0,0,1,1.0,1,1,6,2.6336633e-05,True
0,0,1,1.0,2,1,25,0.013295408,True
0,0,1,1.0,1,1,36,2.6336633e-05,True
0,0,1,2.0,1,2,10,0.0096811233,True
0,0,1,1.0,1,2,14,0.0096811233,True
0,0,1,1.0,2,2,6,0.83337283,True
0,0,1,2.0,1,1,7,2.6336633e-05,True
0,0,1,2.0,1,2,6,0.0096811233,True
0,0,2,,1,1,10,2.6336633e-05,True
0,0,2,,2,1,7,0.013295408,True
0,0,1,1.0,2,2,14,0.83337283,True
0,0,1,1.0,1,2,7,0.0096811233,True
1,1,1,2.0,2,2,5,0.83337283,True
0,0,1,2.0,1,2,7,0.0096811233,True
1,1,2,,2,2,6,0.83337283,True
0,0,1,1.0,1,2,23,0.0096811233,True
0,0,1,1.0,1,1,36,2.6336633e-05,True
0,0,1,1.0,1,2,5,0.0096811233,True
1,1,2,,2,2,6,0.83337283,True
0,0,1,2.0,2,1,18,0.013295408,True
0,0,1,2.0,1,1,74,2.6336633e-05,True
1,1,2,,2,2,9,0.83337283,True
0,0,1,2.0,1,1,21,2.6336633e-05,True
0,0,1,1.0,2,2,6,0.83337283,True
1,1,2,,2,2,35,0.83337283,True
1,1,2,,2,2,9,0.83337283,True
0,0,1,1.0,1,2,250,0.0096811233,True
1,1,2,,2,2,48,0.83337283,True
0,0,1,1.0,1,1,5,2.6336633e-05,True
0,0,1,1.0,2,2,6,0.83337283,True
1,1,2,,2,2,25,0.83337283,True
0,0,2,,1,1,20,2.6336633e-05,True
0,0,1,1.0,1,2,13,0.0096811233,True
0,0,1,1.0,1,2,6,0.0096811233,True
0,0,1,2.0,1,1,14,2.6336633e-05,True
0,0,2,,1,1,106,2.6336633e-05,True
0,0,1,1.0,1,2,14,0.0096811233,True
0,0,1,2.0,1,2,30,0.0096811233,True
1,1,2,,2,2,6,0.83337283,True
0,0,1,1.0,1,2,47,0.0096811233,True
0,0,1,2.0,1,2,13,0.0096811233,True
0,0,1,2.0,1,2,40,0.0096811233,True
0,0,1,2.0,1,2,30,0.0096811233,True
0,0,1,1.0,2,2,19,0.83337283,True
0,0,1,2.0,1,2,20,0.0096811233,True
0,0,1,2.0,1,1,22,2.6336633e-05,True
0,0,1,1.0,1,2,34,0.0096811233,True
0,0,1,1.0,1,2,40,0.0096811233,True
1,1,2,,2,2,11,0.83337283,True
1,1,2,,2,2,12,0.83337283,True
0,0,1,2.0,1,1,65,2.6336633e-05,True
0,0,1,2.0,1,1,23,2.6336633e-05,True
0,0,1,1.0,1,1,35,2.6336633e-05,True
0,0,1,1.0,1,1,20,2.6336633e-05,True
1,1,2,,2,2,15,0.83337283,True
1,1,2,,2,2,7,0.83337283,True
0,0,1,1.0,2,1,6,0.013295408,True
0,0,1,2.0,1,2,6,0.0096811233,True
0,0,1,1.0,2,1,11,0.013295408,True
0,0,1,2.0,1,2,19,0.0096811233,True
0,0,1,1.0,1,1,71,2.6336633e-05,True
1,1,2,,2,2,5,0.83337283,True
0,0,1,2.0,1,2,28,0.0096811233,True
0,0,1,1.0,2,2,6,0.83337283,True
1,1,2,,2,2,7,0.83337283,True
0,0,2,,2,1,198,0.013295408,True
0,0,1,1.0,1,1,23,2.6336633e-05,True
0,0,1,1.0,2,1,51,0.013295408,True
0,0,2,,2,1,52,0.013295408,True
1,1,2,,2,2,13,0.83337283,True
0,0,1,1.0,1,1,31,2.6336633e-05,True
1,1,2,,2,2,9,0.83337283,True
0,0,1,2.0,2,1,43,0.013295408,True
0,0,1,1.0,2,2,42,0.83337283,True
0,0,2,,2,1,164,0.013295408,True
0,0,1,2.0,1,2,15,0.0096811233,True
0,0,1,2.0,1,2,10,0.0096811233,True
0,0,1,2.0,1,2,12,0.0096811233,True
0,0,1,1.0,1,2,5,0.0096811233,True
0,0,1,2.0,1,2,6,0.0096811233,True
0,0,1,1.0,1,2,7,0.0096811233,True
0,0,2,,2,1,21,0.013295408,True
1,1,2,,2,2,20,0.83337283,True
0,0,2,,2,1,25,0.013295408,True
0,0,1,1.0,1,2,30,0.0096811233,True
0,0,2,,2,1,44,0.013295408,True
0,0,2,,2,1,25,0.013295408,True
0,0,1,2.0,1,2,5,0.0096811233,True
0,0,2,,2,1,32,0.013295408,True
0,0,2,,2,1,648,0.013295408,True
0,0,1,2.0,1,2,36,0.0096811233,True
0,0,1,1.0,2,1,11,0.013295408,True
0,0,1,1.0,1,2,10,0.0096811233,True
1,1,2,,2,2,10,0.83337283,True
0,0,1,2.0,1,1,15,2.6336633e-05,True
0,0,2,,2,1,40,0.013295408,True
0,0,1,1.0,1,1,22,2.6336633e-05,True
0,0,1,1.0,2,2,22,0.83337283,True
1,1,2,,2,2,8,0.83337283,True
0,0,2,,1,1,31,2.6336633e-05,True
0,0,2,,1,1,19,2.6336633e-05,True
1,1,2,,2,2,12,0.83337283,True
1,1,2,,2,2,22,0.83337283,True
1,1,2,,2,2,11,0.83337283,True
0,0,2,,2,1,7,0.013295408,True
0,0,1,1.0,1,1,5,2.6336633e-05,True
0,0,1,1.0,1,1,112,2.6336633e-05,True
0,0,1,2.0,1,2,22,0.0096811233,True
0,0,2,,2,1,134,0.013295408,True
0,0,1,1.0,1,1,56,2.6336633e-05,True
0,0,1,2.0,1,2,6,0.0096811233,True
0,0,1,2.0,1,2,30,0.0096811233,True
0,0,2,,1,2,18,0.0096811233,True
0,0,1,1.0,2,2,4,0.83337283,True
0,0,1,1.0,1,1,432,2.6336633e-05,True
0,0,1,2.0,1,2,98,0.0096811233,True
1,1,2,,2,2,15,0.83337283,True
1,1,1,2.0,2,2,17,0.83337283,True
0,0,2,,2,1,43,0.013295408,True
0,0,2,,1,1,6,2.6336633e-05,True
1,1,2,,2,2,6,0.83337283,True
1,1,2,,2,2,29,0.83337283,True
1,1,2,,2,2,29,0.83337283,True
0,0,2,,2,1,6,0.013295408,True
0,0,2,,1,1,112,2.6336633e-05,True
0,0,1,2.0,1,1,24,2.6336633e-05,True
1,1,2,,2,2,40,0.83337283,True
1,1,2,,2,2,23,0.83337283,True
1,1,2,,2,2,25,0.83337283,True
0,0,1,2.0,2,1,235,0.013295408,True
0,0,2,,1,2,5,0.0096811233,True
0,0,2,,2,1,16,0.013295408,True
1,1,2,,2,2,30,0.83337283,True
0,0,1,2.0,1,1,56,2.6336633e-05,True
1,1,2,,2,2,5,0.83337283,True
0,0,1,2.0,2,1,10,0.013295408,True
0,0,1,1.0,1,1,12,2.6336633e-05,True
0,0,2,,1,1,5,2.6336633e-05,True
0,0,2,,2,1,16,0.013295408,True
1,1,2,,2,2,9,0.83337283,True
0,0,1,1.0,1,2,6,0.0096811233,True
0,0,1,2.0,1,1,19,2.6336633e-05,True
0,0,1,2.0,2,1,8,0.013295408,True
0,0,1,2.0,1,1,87,2.6336633e-05,True
0,0,1,1.0,1,1,60,2.6336633e-05,True
0,0,1,2.0,1,2,30,0.0096811233,True
1,1,2,,2,2,445,0.83337283,True
0,0,2,,2,1,24,0.013295408,True
0,0,2,,1,1,43,2.6336633e-05,True
0,0,2,,2,1,10,0.013295408,True
1,1,2,,2,2,5,0.83337283,True
0,0,1,1.0,1,2,22,0.0096811233,True
1,1,1,2.0,2,2,8,0.83337283,True
0,0,1,1.0,1,2,28,0.0096811233,True
0,0,2,,2,1,12,0.013295408,True
1,1,2,,2,2,12,0.83337283,True
0,0,1,2.0,1,2,6,0.0096811233,True
0,0,1,1.0,1,2,11,0.0096811233,True
0,0,1,2.0,1,2,120,0.0096811233,True
0,0,1,1.0,1,2,7,0.0096811233,True
1,1,2,,2,2,6,0.83337283,True
1,1,2,,2,2,6,0.83337283,True
0,0,1,1.0,1,1,12,2.6336633e-05,True
0,0,1,1.0,1,1,6,2.6336633e-05,True
1,1,2,,2,2,22,0.83337283,True
1,1,2,,2,2,8,0.83337283,True
1,1,2,,2,2,40,0.83337283,True
1,1,2,,2,2,30,0.83337283,True
0,0,1,1.0,1,1,26,2.6336633e-05,True
0,0,1,2.0,1,2,5,0.0096811233,True
0,0,1,2.0,1,2,6,0.0096811233,True
1,1,2,,2,2,7,0.83337283,True
0,0,2,,2,1,24,0.013295408,True
0,0,2,,2,1,36,0.013295408,True
0,0,1,2.0,1,2,5,0.0096811233,True
1,1,1,2.0,2,2,5,0.83337283,True
1,1,1,2.0,2,2,7,0.83337283,True
1,1,2,,2,2,8,0.83337283,True
0,0,1,2.0,1,1,7,2.6336633e-05,True
0,0,1,2.0,1,1,95,2.6336633e-05,True
0,0,1,2.0,1,2,4,0.0096811233,True
0,0,1,1.0,1,1,5,2.6336633e-05,True
0,0,1,1.0,1,1,138,2.6336633e-05,True
0,0,1,2.0,1,2,70,0.0096811233,True
0,0,2,,1,2,5,0.0096811233,True
0,0,1,2.0,1,2,5,0.0096811233,True
0,0,2,,2,1,265,0.013295408,True
0,0,1,1.0,1,2,135,0.0096811233,True
0,0,1,2.0,1,1,53,2.6336633e-05,True
0,0,1,1.0,1,2,70,0.0096811233,True
0,0,1,1.0,1,2,23,0.0096811233,True
0,0,1,1.0,1,1,2100,2.6336633e-05,True
0,0,2,,1,1,96,2.6336633e-05,True
0,0,1,1.0,2,1,10,0.013295408,True
1,1,1,2.0,2,2,13,0.83337283,True
0,0,1,2.0,1,1,304,2.6336633e-05,True
0,0,1,1.0,1,2,4,0.0096811233,True
0,0,2,,2,1,76,0.013295408,True
0,0,1,2.0,1,1,132,2.6336633e-05,True
1,1,2,,2,2,7,0.83337283,True
0,0,1,2.0,1,2,5,0.0096811233,True
0,0,1,1.0,2,1,60,0.013295408,True
0,0,1,1.0,2,1,379,0.013295408,True
0,0,1,2.0,1,2,11,0.0096811233,True
0,0,1,1.0,2,1,30,0.013295408,True
0,0,1,1.0,2,1,418,0.013295408,True
0,0,1,2.0,1,1,13,2.6336633e-05,True
0,0,1,2.0,1,1,108,2.6336633e-05,True
0,0,2,,2,1,18,0.013295408,True
0,0,2,,2,1,21,0.013295408,True
0,0,2,,1,1,17,2.6336633e-05,True
1,1,2,,2,2,7,0.83337283,True
0,0,1,1.0,1,1,110,2.6336633e-05,True
0,0,1,1.0,1,2,5,0.0096811233,True
0,0,2,,1,1,527,2.6336633e-05,True
0,0,1,1.0,2,1,43,0.013295408,True
0,0,1,2.0,1,2,6,0.0096811233,True
1,1,1,2.0,2,2,5,0.83337283,True
0,0,1,2.0,1,2,5,0.0096811233,True
0,0,1,1.0,1,1,75,2.6336633e-05,True
0,0,1,1.0,1,1,27,2.6336633e-05,True
0,0,1,1.0,2,2,5,0.83337283,True
0,0,1,1.0,1,2,5,0.0096811233,True
0,0,1,1.0,1,2,6,0.0096811233,True
0,0,1,1.0,1,1,244,2.6336633e-05,True
0,0,2,,2,1,30,0.013295408,True
0,0,1,1.0,1,1,360,2.6336633e-05,True
0,0,1,1.0,1,1,46,2.6336633e-05,True
0,0,1,2.0,1,2,5,0.0096811233,True
0,0,1,2.0,1,1,460,2.6336633e-05,True
0,0,2,,2,1,232,0.013295408,True
0,0,1,1.0,1,2,7,0.0096811233,True
0,0,1,2.0,1,1,56,2.6336633e-05,True
0,0,1,1.0,1,1,25,2.6336633e-05,True
0,0,1,2.0,1,2,6,0.0096811233,True
0,0,2,,2,1,37,0.013295408,True
0,0,1,2.0,1,2,10,0.0096811233,True
0,0,1,2.0,1,2,5,0.0096811233,True
0,0,2,,1,1,627,2.6336633e-05,True
0,0,1,2.0,1,1,42,2.6336633e-05,True
0,0,1,2.0,1,1,25,2.6336633e-05,True
0,0,1,1.0,1,2,5,0.0096811233,True
0,0,1,2.0,1,1,28,2.6336633e-05,True
0,0,1,1.0,1,2,6,0.0096811233,True
0,0,1,2.0,1,1,14,2.6336633e-05,True
0,0,1,2.0,1,1,120,2.6336633e-05,True
0,0,1,1.0,1,2,20,0.0096811233,True
0,0,1,2.0,1,2,6,0.0096811233,True
0,0,1,2.0,1,2,102,0.0096811233,True
0,0,2,,2,1,20,0.013295408,True
0,0,1,2.0,1,2,5,0.0096811233,True
0,0,1,1.0,1,2,5,0.0096811233,True
0,0,1,1.0,1,1,300,2.6336633e-05,True
0,0,2,,2,1,28,0.013295408,True
0,0,1,1.0,1,1,500,2.6336633e-05,True
0,0,1,1.0,2,1,138,0.013295408,True
0,0,1,2.0,1,2,57,0.0096811233,True
0,0,1,2.0,1,1,36,2.6336633e-05,True
0,0,1,2.0,1,2,8,0.0096811233,True
1,1,2,,2,2,13,0.83337283,True
0,0,1,2.0,1,2,5,0.0096811233,True
0,0,1,1.0,1,1,19,2.6336633e-05,True
0,0,2,,1,1,231,2.6336633e-05,True
0,0,1,2.0,1,2,9,0.0096811233,True
0,0,2,,2,1,123,0.013295408,True
0,0,1,1.0,1,1,486,2.6336633e-05,True
0,0,1,2.0,1,2,5,0.0096811233,True
1,1,1,2.0,1,2,3,0.0096811233,True
0,0,1,1.0,1,2,14,0.0096811233,True
0,0,1,1.0,1,1,215,2.6336633e-05,True
0,0,1,1.0,1,1,5,2.6336633e-05,True
0,0,2,,2,1,21,0.013295408,True
0,0,1,2.0,1,2,5,0.0096811233,True
0,0,1,2.0,1,1,12,2.6336633e-05,True
0,0,1,2.0,1,1,30,2.6336633e-05,True
0,0,1,2.0,1,2,4,0.0096811233,True
0,0,1,1.0,1,2,7,0.0096811233,True
0,0,1,1.0,1,1,46,2.6336633e-05,True
1,1,2,,2,2,8,0.83337283,True
0,0,2,,2,1,20,0.013295408,True
1,1,2,,2,2,168,0.83337283,True
0,0,1,1.0,1,1,9,2.6336633e-05,True
0,0,1,1.0,1,2,43,0.0096811233,True
0,0,1,2.0,1,1,62,2.6336633e-05,True
0,0,1,1.0,2,1,230,0.013295408,True
0,0,1,1.0,1,2,25,0.0096811233,True
0,0,1,1.0,1,1,191,2.6336633e-05,True
0,0,1,2.0,1,1,1600,2.6336633e-05,True
0,0,1,1.0,1,2,6,0.0096811233,True
0,0,1,1.0,1,1,131,2.6336633e-05,True
0,0,1,1.0,1,1,7,2.6336633e-05,True
0,0,1,2.0,1,2,156,0.0096811233,True
0,0,1,2.0,1,1,20,2.6336633e-05,True
